requirement_id,engine_id,requirement_area,implementation_requirement,forbidden_completion,required_project_tests_path,completion_gate,status
FULL-FIREBIRD-REQ-001,firebird,procedural_api_functional_encoding,full Firebird closure procedural_api_functional_encoding must be implemented and proven with compatibility-specific behavior,generic fallback route-only descriptor-only file-presence completion is forbidden,project/tests/compatibility_sql_parser_first_tranche/firebird/full_closure/procedural_api_functional_encoding_proof,compatibility_procedural_datatype_enterprise_truth_gate,enterprise_implemented_proven
FULL-FIREBIRD-REQ-002,firebird,exact_datatype_semantics,full Firebird closure exact_datatype_semantics must be implemented and proven with compatibility-specific behavior,generic fallback route-only descriptor-only file-presence completion is forbidden,project/tests/compatibility_sql_parser_first_tranche/firebird/full_closure/exact_datatype_semantics_proof,compatibility_procedural_datatype_enterprise_truth_gate,enterprise_implemented_proven
FULL-FIREBIRD-REQ-003,firebird,observable_result_equivalence,full Firebird closure observable_result_equivalence must be implemented and proven with compatibility-specific behavior,generic fallback route-only descriptor-only file-presence completion is forbidden,project/tests/compatibility_sql_parser_first_tranche/firebird/full_closure/observable_result_equivalence_proof,compatibility_procedural_datatype_enterprise_truth_gate,enterprise_implemented_proven
FULL-FIREBIRD-REQ-004,firebird,compatibility_semantic_defaults,full Firebird closure compatibility_semantic_defaults must be implemented and proven with compatibility-specific behavior,generic fallback route-only descriptor-only file-presence completion is forbidden,project/tests/compatibility_sql_parser_first_tranche/firebird/full_closure/compatibility_semantic_defaults_proof,compatibility_procedural_datatype_enterprise_truth_gate,enterprise_implemented_proven
FULL-FIREBIRD-REQ-005,firebird,compatibility_native_regression_ctest,full Firebird closure compatibility_native_regression_ctest must be implemented and proven with compatibility-specific behavior,generic fallback route-only descriptor-only file-presence completion is forbidden,project/tests/compatibility_sql_parser_first_tranche/firebird/full_closure/compatibility_native_regression_ctest_proof,compatibility_procedural_datatype_enterprise_truth_gate,enterprise_implemented_proven
FULL-FIREBIRD-REQ-006,firebird,standalone_dialect_isolation,full Firebird closure standalone_dialect_isolation must be implemented and proven with compatibility-specific behavior,generic fallback route-only descriptor-only file-presence completion is forbidden,project/tests/compatibility_sql_parser_first_tranche/firebird/full_closure/standalone_dialect_isolation_proof,compatibility_procedural_datatype_enterprise_truth_gate,enterprise_implemented_proven
FULL-FIREBIRD-REQ-007,firebird,connection_sandbox_catalog_authority,full Firebird closure connection_sandbox_catalog_authority must be implemented and proven with compatibility-specific behavior,generic fallback route-only descriptor-only file-presence completion is forbidden,project/tests/compatibility_sql_parser_first_tranche/firebird/full_closure/connection_sandbox_catalog_authority_proof,compatibility_procedural_datatype_enterprise_truth_gate,enterprise_implemented_proven
FULL-FIREBIRD-REQ-008,firebird,logical_stream_backup_restore_policy,full Firebird closure logical_stream_backup_restore_policy must be implemented and proven with compatibility-specific behavior,generic fallback route-only descriptor-only file-presence completion is forbidden,project/tests/compatibility_sql_parser_first_tranche/firebird/full_closure/logical_stream_backup_restore_policy_proof,compatibility_procedural_datatype_enterprise_truth_gate,enterprise_implemented_proven
FULL-FIREBIRD-REQ-009,firebird,cdc_replication_etl_policy,full Firebird closure cdc_replication_etl_policy must be implemented and proven with compatibility-specific behavior,generic fallback route-only descriptor-only file-presence completion is forbidden,project/tests/compatibility_sql_parser_first_tranche/firebird/full_closure/cdc_replication_etl_policy_proof,compatibility_procedural_datatype_enterprise_truth_gate,enterprise_implemented_proven
FULL-FIREBIRD-REQ-010,firebird,low_level_repair_verify_denial,full Firebird closure low_level_repair_verify_denial must be implemented and proven with compatibility-specific behavior,generic fallback route-only descriptor-only file-presence completion is forbidden,project/tests/compatibility_sql_parser_first_tranche/firebird/full_closure/low_level_repair_verify_denial_proof,compatibility_procedural_datatype_enterprise_truth_gate,enterprise_implemented_proven
FULL-FIREBIRD-REQ-011,firebird,cluster_surface_routing_policy,full Firebird closure cluster_surface_routing_policy must be implemented and proven with compatibility-specific behavior,generic fallback route-only descriptor-only file-presence completion is forbidden,project/tests/compatibility_sql_parser_first_tranche/firebird/full_closure/cluster_surface_routing_policy_proof,compatibility_procedural_datatype_enterprise_truth_gate,enterprise_implemented_proven
FULL-FIREBIRD-REQ-012,firebird,protocol_session_resource_hardening,full Firebird closure protocol_session_resource_hardening must be implemented and proven with compatibility-specific behavior,generic fallback route-only descriptor-only file-presence completion is forbidden,project/tests/compatibility_sql_parser_first_tranche/firebird/full_closure/protocol_session_resource_hardening_proof,compatibility_procedural_datatype_enterprise_truth_gate,enterprise_implemented_proven
FULL-FIREBIRD-REQ-013,firebird,project_tests_proof_no_stubs,full Firebird closure project_tests_proof_no_stubs must be implemented and proven with compatibility-specific behavior,generic fallback route-only descriptor-only file-presence completion is forbidden,project/tests/compatibility_sql_parser_first_tranche/firebird/full_closure/project_tests_proof_no_stubs_proof,compatibility_procedural_datatype_enterprise_truth_gate,enterprise_implemented_proven
