output_id,artifact,status,required_columns,completion_gate
DPDE-OUT-001,README.md,enterprise_implemented_proven,gate-defined columns present and non-empty,compatibility_procedural_datatype_enterprise_truth_gate
DPDE-OUT-002,TRACKER.csv,enterprise_implemented_proven,gate-defined columns present and non-empty,compatibility_procedural_datatype_enterprise_truth_gate
DPDE-OUT-003,ACCEPTANCE_GATES.csv,enterprise_implemented_proven,gate-defined columns present and non-empty,compatibility_procedural_datatype_enterprise_truth_gate
DPDE-OUT-004,PROCEDURAL_LANGUAGE_SCOPE_MATRIX.csv,enterprise_implemented_proven,gate-defined columns present and non-empty,compatibility_procedural_datatype_enterprise_truth_gate
DPDE-OUT-005,DATATYPE_EXACTNESS_SCOPE_MATRIX.csv,enterprise_implemented_proven,gate-defined columns present and non-empty,compatibility_procedural_datatype_enterprise_truth_gate
DPDE-OUT-006,COMPATIBILITY_SEMANTIC_DEFAULTS_MATRIX.csv,enterprise_implemented_proven,gate-defined columns present and non-empty,compatibility_procedural_datatype_enterprise_truth_gate
DPDE-OUT-007,RUNTIME_STORAGE_INVOCATION_PROOF_MATRIX.csv,enterprise_implemented_proven,gate-defined columns present and non-empty,compatibility_procedural_datatype_enterprise_truth_gate
DPDE-OUT-008,ORIGINAL_SOURCE_RETENTION_MATRIX.csv,enterprise_implemented_proven,gate-defined columns present and non-empty,compatibility_procedural_datatype_enterprise_truth_gate
DPDE-OUT-009,COMPATIBILITY_NATIVE_PROCEDURAL_REGRESSION_MATRIX.csv,enterprise_implemented_proven,gate-defined columns present and non-empty,compatibility_procedural_datatype_enterprise_truth_gate
DPDE-OUT-010,SPEC_IMPLEMENTATION_AUDIT_MATRIX.csv,enterprise_implemented_proven,gate-defined columns present and non-empty,compatibility_procedural_datatype_enterprise_truth_gate
DPDE-OUT-011,OUTPUT_CONTRACT.csv,enterprise_implemented_proven,gate-defined columns present and non-empty,compatibility_procedural_datatype_enterprise_truth_gate
