slice_id,phase,title,status,owner,outputs,acceptance
FPR-P0,P0,Input readiness gate,p0_input_readiness_verified,parser remap coordinator,PARSER_REMAP_SCOPE_MATRIX.csv;project/tests/compatibility_sql_parser_first_tranche/parser_remap_input_readiness_gate.py,Inventory cluster SBLR proof parser package UDR package manifest alias and baseline CTest inputs are complete and internally consistent
FPR-P1,P1,Non-cluster compatibility remap,p1_noncluster_remap_verified,parser implementation agents,COMPATIBILITY_NONCLUSTER_FUNCTION_REMAP_MATRIX.csv;project/tests/compatibility_sql_parser_first_tranche/parser_remap_noncluster_function_gate.py,Every compatibility non-cluster surface maps to executable SBLR proof or exact policy refusal with parser compatibility and MGA authority boundaries preserved
FPR-P2,P2,Cluster compatibility remap,p2_cluster_route_remap_verified,parser implementation agents,COMPATIBILITY_CLUSTER_ROUTE_REMAP_MATRIX.csv;project/tests/compatibility_sql_parser_first_tranche/parser_remap_cluster_route_gate.py,Every compatibility cluster surface maps to normalized cluster SBLR compile-time fail-closed policy and provider-boundary or exact pre-provider refusal behavior
FPR-P3,P3,AST BoundAST and envelope repair,p3_ast_boundast_envelope_verified,parser implementation agents,COMPATIBILITY_PARSER_REMAP_MATRIX.csv;project/tests/compatibility_sql_parser_first_tranche/parser_remap_ast_boundast_envelope_gate.py,Every declared parser route is reconciled to SBLR envelope behavior exact refusal external fail-closed policy or documentation-only evidence with parser compatibility and MGA authority boundaries preserved
FPR-P4,P4,Refusal and diagnostics reduction,p4_refusal_reduction_verified,diagnostics lead,PARSER_REFUSAL_REDUCTION_MATRIX.csv;project/tests/compatibility_sql_parser_first_tranche/parser_refusal_reduction_gate.py,Every remaining refusal is intentional compatibility-compatible and test-covered
FPR-P5,P5,Dialect isolation guards,p5_dialect_isolation_verified,parser security reviewer,DIALECT_ISOLATION_GUARD_MATRIX.csv;project/tests/compatibility_sql_parser_first_tranche/parser_dialect_isolation_guard.py,Each parser supports only its compatibility dialect and rejects SBsql or other compatibility syntax
FPR-P6,P6,Compatibility-native replay and full-path proof,p6_compatibility_replay_proof_verified,test lead,COMPATIBILITY_REPLAY_PROOF_UPDATE_MATRIX.csv;project/tests/compatibility_sql_parser_first_tranche/parser_compatibility_replay_proof_gate.py,Compatibility-native tools and project/tests full-path proof cover remapped routes
FPR-P7,P7,Parser remap audit,p7_parser_remap_audit_verified,independent reviewer,PARSER_DIALECT_ISOLATION_AUDIT.csv;project/tests/compatibility_sql_parser_first_tranche/parser_dialect_isolation_audit_gate.py,No parser has unimplemented declared routes non-execution completion or cross-dialect leakage
FSSPRC-ALIGN,P13,Current reference parser alignment amendment,blocking_required,workplan coordinator,central alignment gate packet,No parser implementation or release evidence may bypass DPGEC-GATE-017 through DPGEC-GATE-023
